number,value,params_D,params_P,params_Q,params_d,params_m,params_p,params_q
0,233.5258476900112,0,2,2,2,7,3,0
1,127.15037905726724,1,2,1,1,10,1,1
2,72.01919968256286,0,1,0,0,7,5,3
3,inf,1,2,0,0,10,10,0
4,157.44656819163515,0,2,0,1,7,4,7
